City_ID,City,Cloudiness,Country,Date,Humidity,Lat,Lng,Max Temp,Wind Speed
0,ushuaia,40,AR,1584412880,61,-54.8,-68.3,46.4,33.33
1,hermanus,44,ZA,1584412992,67,-34.42,19.23,66.0,1.01
2,avarua,100,CK,1584412992,94,-21.21,-159.78,80.6,12.75
3,cabo san lucas,20,MX,1584412719,56,22.89,-109.91,71.6,5.82
4,yumen,0,CN,1584412993,12,40.28,97.2,48.25,21.61
5,hilo,75,US,1584412770,78,19.73,-155.09,75.99,9.17
6,mar del plata,0,AR,1584412993,82,-38.0,-57.56,64.0,4.7
7,tura,0,IN,1584412994,27,25.52,90.22,83.41,3.2
8,butaritari,60,KI,1584412994,75,3.07,172.79,83.82,9.44
9,huarmey,99,PE,1584412994,68,-10.07,-78.15,74.57,2.13
10,kapaa,90,US,1584412994,94,22.08,-159.32,73.4,14.99
11,castro,99,BR,1584412995,97,-24.79,-50.01,63.72,2.64
12,hithadhoo,61,MV,1584412995,71,-0.6,73.08,83.95,11.48
13,olinda,40,BR,1584412995,78,-8.01,-34.86,82.4,1.12
14,punta arenas,71,CL,1584412996,66,-53.15,-70.92,48.2,23.04
15,narsaq,0,GL,1584412791,56,60.92,-46.05,14.0,3.36
16,puerto ayora,76,EC,1584412996,82,-0.74,-90.35,79.0,4.0
17,saint paul harbor,90,US,1584412996,75,57.79,-152.41,41.0,6.93
18,vardø,100,NO,1584412996,81,70.37,31.11,25.02,29.44
19,provideniya,90,RU,1584412717,86,64.38,-173.3,30.2,13.42
20,bengkulu,20,ID,1584412775,54,-3.8,102.27,89.4,1.21
21,são filipe,0,CV,1584412997,75,14.9,-24.5,67.87,16.49
22,aklavik,75,CA,1584412711,79,68.22,-135.01,21.2,10.29
23,toora-khem,0,RU,1584412997,70,52.47,96.11,30.56,4.14
24,bethel,75,US,1584412833,69,41.37,-73.41,39.99,9.17
25,humboldt,75,US,1584412998,75,40.67,-123.92,48.99,2.33
26,busselton,30,AU,1584412998,71,-33.65,115.33,70.0,7.0
27,mogadishu,97,SO,1584412998,82,2.04,45.34,83.12,19.82
28,souillac,75,MU,1584412842,94,-20.52,57.52,75.2,9.17
29,yar-sale,100,RU,1584412816,94,66.83,70.83,20.55,15.48
30,labuhan,10,ID,1584412998,72,-6.88,112.21,84.87,6.02
31,carnarvon,40,AU,1584412999,65,-24.87,113.63,78.8,17.22
32,hasaki,75,JP,1584412999,36,35.73,140.83,50.0,4.7
33,ust'-omchug,100,RU,1584412999,87,61.15,149.63,3.42,7.56
34,wajima,75,JP,1584412999,56,37.4,136.9,41.0,5.82
35,duluth,90,US,1584412999,46,46.78,-92.11,32.0,18.34
36,ulladulla,40,AU,1584412990,43,-35.35,150.47,73.4,9.17
37,salalah,75,OM,1584412871,73,17.02,54.09,77.0,3.36
38,mpongwe,100,ZM,1584413000,98,-13.51,28.16,63.05,3.62
39,‘ewa beach,90,US,1584413000,88,21.32,-158.01,78.8,13.87
40,kiryat gat,75,IL,1584413000,82,31.61,34.76,59.0,4.7
41,iqaluit,90,CA,1584413001,71,63.75,-68.51,6.8,13.87
42,coyhaique,20,CL,1584412767,81,-45.58,-72.07,53.6,2.24
43,meulaboh,26,ID,1584412852,79,4.14,96.13,81.37,5.97
44,rikitea,55,PF,1584413001,81,-23.12,-134.97,80.71,10.45
45,muros,20,ES,1584413001,87,42.78,-9.06,51.01,5.82
46,la ronge,20,CA,1584412720,47,55.1,-105.28,14.0,11.41
47,mizusawa,75,JP,1584413002,52,39.13,141.13,42.8,9.17
48,ekhabi,100,RU,1584413002,82,53.51,142.97,20.26,7.36
49,nouadhibou,100,MR,1584413002,72,20.93,-17.03,64.4,21.92
50,kabompo,100,ZM,1584413002,98,-13.59,24.2,65.41,4.09
51,pevek,94,RU,1584413002,78,69.7,170.31,27.45,23.15
52,angren,100,UZ,1584413003,50,41.02,70.14,53.76,4.34
53,mataura,43,NZ,1584413003,77,-46.19,168.86,52.0,3.0
54,ucluelet,0,CA,1584413003,79,48.93,-125.55,46.0,3.2
55,cidreira,89,BR,1584412718,81,-30.18,-50.21,72.64,11.86
56,khashuri,100,GE,1584413003,95,41.99,43.6,25.02,4.27
57,vestmannaeyjar,100,IS,1584413003,77,63.44,-20.27,41.22,16.82
58,jamestown,90,US,1584413004,86,42.1,-79.24,41.0,11.41
59,faanui,40,PF,1584412736,71,-16.48,-151.75,83.23,6.71
60,padang,100,ID,1584413004,62,-0.95,100.35,82.11,3.0
61,port lincoln,100,AU,1584413004,24,-34.73,135.87,83.41,11.92
62,oranjemund,0,NA,1584412824,89,-28.55,16.43,61.81,2.75
63,sulangan,0,PH,1584413004,69,11.14,123.72,80.47,7.38
64,nikolskoye,0,RU,1584412731,92,59.7,30.79,30.0,2.24
65,tula,100,RU,1584413005,63,54.2,37.61,31.06,12.5
66,muslyumovo,0,RU,1584413005,86,55.3,53.19,21.52,11.16
67,atuona,67,PF,1584412710,67,-9.8,-139.03,82.56,10.38
68,kodyma,99,UA,1584413005,59,48.1,29.12,32.0,8.7
69,tūkrah,0,LY,1584412786,74,32.53,20.58,53.1,29.8
70,esperance,40,AU,1584413006,51,-33.87,121.9,80.6,11.41
71,dingle,1,PH,1584412727,54,11.0,122.67,85.3,11.77
72,motygino,100,RU,1584413006,90,58.18,94.76,14.09,16.82
73,qaanaaq,9,GL,1584413006,65,77.48,-69.36,-10.08,13.6
74,yellowknife,90,CA,1584412829,53,62.46,-114.35,-5.01,5.82
75,half moon bay,75,US,1584413006,71,37.46,-122.43,52.0,6.93
76,cururupu,100,BR,1584412766,99,-1.83,-44.87,73.35,1.23
77,‘āhuimanu,90,US,1584413007,69,21.44,-157.84,78.8,5.82
78,bonfim,73,BR,1584413007,58,3.08,-59.95,83.82,7.74
79,hammond,90,US,1584413007,100,41.58,-87.5,39.2,4.7
80,port hedland,0,AU,1584413008,44,-20.32,118.57,96.8,4.7
81,lebu,7,CL,1584412810,80,-37.62,-73.65,56.97,7.27
82,kavaratti,20,IN,1584413008,74,10.57,72.64,82.4,7.31
83,samarinda,54,ID,1584413008,52,-0.5,117.15,90.03,5.88
84,bredasdorp,28,ZA,1584413008,82,-34.53,20.04,60.8,8.05
85,karatuzskoye,100,RU,1584413008,71,53.61,92.87,33.64,7.23
86,yeppoon,20,AU,1584413009,48,-23.13,150.73,82.4,11.41
87,siuna,81,NI,1584413009,81,13.73,-84.78,72.77,3.4
88,deder,100,ET,1584413009,82,9.32,41.45,66.52,1.32
89,sunland park,1,US,1584413009,22,31.8,-106.58,69.8,3.36
90,nouna,75,BF,1584413009,36,12.73,-3.87,88.0,3.8
91,kuusamo,89,FI,1584413010,92,65.97,29.18,12.2,1.12
92,tateyama,75,JP,1584412788,53,34.98,139.87,53.01,11.41
93,east london,22,ZA,1584413010,78,-33.02,27.91,65.41,20.13
94,margate,47,GB,1584413010,93,51.38,1.39,44.01,6.93
95,new norfolk,67,AU,1584413011,37,-42.78,147.06,75.0,8.05
96,albany,90,US,1584413011,51,42.6,-73.97,39.2,10.29
97,sassandra,100,CI,1584413011,91,4.95,-6.08,78.28,6.35
98,tarakan,1,ID,1584413011,64,3.3,117.63,84.16,3.49
99,hobart,12,AU,1584413011,37,-42.88,147.33,75.0,8.05
100,cape town,31,ZA,1584412933,77,-33.93,18.42,66.0,1.12
101,saint-philippe,75,RE,1584413012,88,-21.36,55.77,75.2,4.7
102,ribeira grande,91,PT,1584413012,87,38.52,-28.7,58.08,11.48
103,touros,75,BR,1584413012,94,-5.2,-35.46,77.0,2.24
104,belmonte,40,BR,1584413012,83,-15.86,-38.88,77.0,2.24
105,bjæverskov,0,DK,1584413012,93,55.46,12.04,39.99,6.93
106,coahuayana viejo,75,MX,1584413013,78,18.73,-103.68,73.4,4.05
107,salto,0,UY,1584413013,72,-31.38,-57.97,73.99,10.0
108,arraial do cabo,100,BR,1584412715,86,-22.97,-42.03,78.42,21.21
109,shache,52,CN,1584413013,68,38.42,77.24,48.0,1.99
110,port alfred,2,ZA,1584412905,80,-33.59,26.89,64.99,8.01
111,dinguiraye,50,GN,1584413014,17,11.3,-10.72,76.66,4.68
112,cortez,90,US,1584413014,34,37.35,-108.59,50.0,5.82
113,avera,90,US,1584413014,77,33.19,-82.53,60.8,4.7
114,poum,1,NC,1584413014,79,-20.23,164.02,80.35,18.3
115,tiksi,100,RU,1584413015,94,71.69,128.87,-3.64,5.73
116,walvis bay,23,NA,1584413015,93,-22.96,14.51,61.0,3.36
117,luanda,100,AO,1584413015,73,-8.84,13.23,81.3,4.03
118,antofagasta,20,CL,1584412763,82,-23.65,-70.4,64.4,4.7
119,thompson,75,CA,1584412826,65,55.74,-97.86,5.0,12.75
120,carutapera,100,BR,1584413016,82,-1.2,-46.02,78.8,11.68
121,luangwa,81,ZM,1584413016,91,-15.62,30.42,70.2,4.12
122,emerald,0,AU,1584413016,42,-23.53,148.17,84.0,10.29
123,barrow,40,US,1584412819,84,71.29,-156.79,8.6,6.93
124,amontada,100,BR,1584413017,94,-3.36,-39.83,73.85,1.01
125,xining,0,CN,1584412787,38,36.62,101.77,38.23,4.34
126,ekpoma,100,NG,1584413017,86,6.74,6.14,79.05,4.09
127,farīdpur,20,BD,1584413017,64,23.6,89.83,75.2,3.36
128,hualmay,100,PE,1584413017,72,-11.1,-77.61,73.36,2.89
129,chui,0,UY,1584413017,76,-33.7,-53.46,63.88,7.47
130,atambua,2,ID,1584413018,66,-9.11,124.89,83.84,6.02
131,cam ranh,40,VN,1584413018,79,11.92,109.16,86.0,11.41
132,saint-estève,40,FR,1584412924,93,42.71,2.84,53.01,3.36
133,salas,40,ES,1584413018,87,43.41,-6.26,46.99,3.36
134,ponta delgada,20,PT,1584413018,87,37.73,-25.67,55.4,2.24
135,moyo,89,UG,1584413019,80,3.66,31.72,71.31,0.94
136,leningradskiy,100,RU,1584413019,81,69.38,178.42,26.15,9.26
137,vaini,75,TO,1584413018,74,-21.2,-175.2,87.8,21.92
138,san quintín,7,MX,1584412784,69,30.48,-115.95,57.18,5.44
139,baculin,76,PH,1584413019,64,7.45,126.58,81.57,6.4
140,tyukhtet,100,RU,1584413019,86,56.54,89.3,22.14,12.01
141,quatre cocos,75,MU,1584413020,94,-20.21,57.76,75.2,9.17
142,kavieng,32,PG,1584412832,72,-2.57,150.8,84.36,10.07
143,mossamedes,99,AO,1584412874,83,-15.2,12.15,74.61,7.9
144,mount gambier,87,AU,1584413020,26,-37.83,140.77,80.6,17.22
145,donghai,100,CN,1584413020,65,22.95,115.64,70.0,4.74
146,bluff,51,NZ,1584412809,77,-46.6,168.33,52.0,3.0
147,vila franca do campo,20,PT,1584412817,87,37.72,-25.43,55.4,2.24
148,khatanga,0,RU,1584413021,95,71.97,102.5,-25.94,8.19
149,shitanjing,0,CN,1584413021,12,39.23,106.34,51.8,2.44
150,poniatowa,61,PL,1584413021,73,51.18,22.13,45.0,5.95
151,shingū,40,JP,1584413022,57,33.73,135.98,50.0,5.82
152,ilulissat,28,GL,1584412818,48,69.22,-51.1,-4.0,13.87
153,pacific grove,1,US,1584413022,62,36.62,-121.92,53.01,13.85
154,hirson,21,FR,1584413022,87,49.92,4.08,45.0,3.36
155,faya,33,SA,1584413022,77,18.39,42.45,62.6,6.93
156,taoudenni,78,ML,1584413023,12,22.68,-3.98,69.53,8.46
157,nouakchott,67,MR,1584413023,77,18.09,-15.98,68.0,12.75
158,lata,20,PT,1584413023,66,40.16,-8.33,51.01,10.29
159,naze,75,JP,1584413023,55,28.37,129.48,62.6,4.7
160,pisco,40,PE,1584413023,78,-13.7,-76.22,73.4,18.34
161,katsuura,75,JP,1584412794,45,35.13,140.3,51.01,4.7
162,gainesville,94,US,1584413024,100,29.65,-82.32,73.4,8.05
163,acapulco de juárez,20,MX,1584413024,74,16.86,-99.89,82.4,5.82
164,okhotsk,11,RU,1584413024,67,59.38,143.3,10.65,14.2
165,cayenne,20,GF,1584412752,83,4.93,-52.33,78.8,3.36
166,george town,20,MY,1584413024,55,5.41,100.34,86.0,6.93
167,karratha,0,AU,1584413024,68,-20.74,116.85,86.45,10.42
168,puerto escondido,0,MX,1584412837,80,15.85,-97.07,71.29,3.83
169,calvinia,47,ZA,1584413025,55,-31.47,19.78,66.2,6.93
170,yerbogachën,100,RU,1584413025,96,61.28,108.01,29.17,7.63
171,mareeba,90,AU,1584413025,83,-17.0,145.43,81.0,13.87
172,chokurdakh,0,RU,1584413025,88,70.63,147.92,-9.94,1.07
173,xalpatlahuac,0,MX,1584413026,76,17.47,-98.62,62.33,7.49
174,villamontes,76,BO,1584413026,89,-21.25,-63.5,70.47,2.59
175,erzin,75,TR,1584413026,100,36.96,36.2,53.6,11.41
176,pangnirtung,100,CA,1584412892,95,66.15,-65.71,-7.6,7.87
177,saskylakh,10,RU,1584412822,91,71.92,114.08,-27.56,14.65
178,clifton,90,US,1584413026,65,40.86,-74.16,42.8,8.05
179,grindavik,90,IS,1584413027,90,63.84,-22.43,33.8,14.99
180,buin,0,CL,1584413027,67,-33.73,-70.75,60.8,12.75
181,nabire,44,ID,1584413027,75,-3.37,135.48,83.75,2.98
182,pandan,32,PH,1584413027,75,14.05,124.17,79.36,19.37
183,kortkeros,40,RU,1584412792,79,61.81,51.58,28.4,6.71
184,medicine hat,5,CA,1584412803,67,50.05,-110.67,21.2,12.75
185,matara,100,LK,1584413028,75,5.95,80.54,80.6,7.05
186,muroto-misakicho,58,JP,1584413028,40,33.28,134.15,51.8,2.24
187,alexandria,40,EG,1584413009,82,31.22,29.96,59.0,13.87
188,chunskiy,100,RU,1584413028,87,56.08,99.63,28.17,21.23
189,arlit,100,NE,1584413028,8,18.74,7.39,76.37,10.92
190,sylacauga,75,US,1584413029,82,33.17,-86.25,69.8,8.05
191,havelock,1,US,1584412739,76,34.88,-76.9,54.0,11.41
192,kruisfontein,40,ZA,1584413029,79,-34.0,24.73,58.77,9.4
193,santa rosa,40,PH,1584413029,58,14.31,121.11,87.01,5.82
194,maamba,87,ZM,1584413030,91,-17.37,27.15,65.03,1.43
195,port elizabeth,0,ZA,1584413030,77,-33.92,25.57,64.4,23.04
196,port hardy,5,CA,1584412740,36,50.7,-127.42,48.2,5.82
197,behshahr,90,IR,1584413030,100,36.69,53.55,50.0,6.93
198,chara,100,RU,1584412773,70,56.91,118.26,18.9,2.17
199,tasiilaq,100,GL,1584413030,85,65.61,-37.64,12.2,3.94
200,raudeberg,100,NO,1584413031,93,61.99,5.14,43.0,32.21
201,latung,80,PH,1584413031,68,5.5,120.88,81.72,3.78
202,dikson,100,RU,1584413031,93,73.51,80.55,3.65,30.6
203,aswān,0,EG,1584413031,36,24.09,32.91,63.72,10.33
204,coquimbo,90,CL,1584413031,82,-29.95,-71.34,60.8,2.24
205,moose factory,90,CA,1584413032,92,51.26,-80.61,30.2,14.99
206,oranjestad,40,AW,1584413032,69,12.52,-70.03,80.6,14.99
207,norman wells,90,CA,1584413032,92,65.28,-126.83,8.6,3.36
208,kumbo,100,CM,1584413032,21,6.2,10.67,64.45,4.38
209,chisec,0,GT,1584413032,84,15.82,-90.28,70.88,3.42
210,logroño,90,ES,1584413033,100,42.47,-2.45,46.4,1.12
211,sur,0,OM,1584413033,53,22.57,59.53,66.76,0.96
212,mēga,27,ET,1584413033,51,4.05,38.3,69.87,8.9
213,sioux lookout,5,CA,1584413033,57,50.1,-91.92,21.2,5.82
214,sitka,90,US,1584413033,80,57.05,-135.33,39.2,9.17
215,necochea,0,AR,1584413033,89,-38.55,-58.74,60.01,7.0
216,phan thiet,53,VN,1584413034,44,10.93,108.1,88.12,7.67
217,mitsamiouli,47,KM,1584413034,72,-11.38,43.28,82.35,2.01
218,olafsvik,95,IS,1584412802,78,64.89,-23.71,28.54,50.49
219,burdeos,93,PH,1584413034,76,14.84,121.97,77.76,13.89
220,airai,59,TL,1584413034,56,-8.93,125.41,81.16,5.32
221,upernavik,0,GL,1584413034,50,72.79,-56.15,-18.33,9.13
222,mahébourg,75,MU,1584412846,94,-20.41,57.7,75.2,9.17
223,palauig,100,PH,1584412860,60,15.44,119.9,80.76,3.87
224,lagoa,0,PT,1584413035,80,39.05,-27.98,61.92,8.63
225,bintulu,75,MY,1584413035,79,3.17,113.03,84.2,2.24
226,demikhovo,100,RU,1584413036,59,55.8,38.88,33.8,2.24
227,boa vista,75,BR,1584413034,49,2.82,-60.67,89.6,5.82
228,sukhinichi,100,RU,1584413036,64,54.1,35.34,31.42,10.96
229,poopó,100,BO,1584413036,65,-18.37,-66.97,53.02,2.82
230,saldanha,0,ZA,1584412882,49,-33.01,17.94,69.8,8.05
231,roald,78,NO,1584413037,70,62.58,6.13,46.4,17.22
232,hong kong,40,HK,1584413037,77,22.29,114.16,72.0,19.46
233,tarko-sale,100,RU,1584413037,72,64.92,77.78,10.0,24.43
234,aykhal,100,RU,1584413037,83,66.0,111.5,-7.6,8.95
235,kaura namoda,28,NG,1584413037,10,12.59,6.58,72.14,10.33
236,tagusao,23,PH,1584413037,60,9.19,117.81,84.2,11.56
237,katherine,0,AU,1584413038,36,-14.47,132.27,93.2,9.17
238,ban tak,0,TH,1584413038,61,17.04,99.08,91.0,2.19
239,laguna,90,US,1584413038,81,38.42,-121.42,48.99,4.7
240,san cristobal,40,VE,1584413039,65,7.77,-72.22,80.6,2.24
241,vao,52,NC,1584413039,73,-22.67,167.48,78.6,14.83
242,trincomalee,71,LK,1584413039,68,8.57,81.23,82.99,7.09
243,tiarei,40,PF,1584413039,66,-17.53,-149.33,87.8,8.05
244,makakilo city,90,US,1584413039,100,21.35,-158.09,78.8,11.41
245,ruska poliana,100,UA,1584413040,58,49.42,31.92,34.05,10.58
246,tegul'det,96,RU,1584412815,83,57.31,88.17,16.36,6.93
247,barreirinha,99,BR,1584413040,92,-2.79,-57.07,74.17,2.91
248,yangi marg`ilon,85,UZ,1584413040,61,40.43,71.72,50.0,6.93
249,mugango,96,TZ,1584413040,72,-1.68,33.7,75.81,9.08
250,camacha,40,PT,1584412881,54,33.08,-16.33,59.0,11.41
251,jüterbog,75,DE,1584413041,100,51.98,13.08,45.0,2.24
252,port blair,89,IN,1584413041,75,11.67,92.75,83.05,11.54
253,port moresby,40,PG,1584413041,74,-9.44,147.18,84.2,12.75
254,madera,100,US,1584413041,100,37.17,-119.83,44.6,8.05
255,bandi̇̄pur,0,NP,1584413041,24,27.93,84.42,68.74,2.42
256,malakal,1,SS,1584413042,21,9.53,31.66,75.7,4.21
257,kutum,12,SD,1584413042,23,14.2,24.67,57.34,3.29
258,leh,67,IN,1584412875,32,34.17,77.58,13.24,1.1
259,khovd,100,MN,1584413042,20,48.01,91.64,40.24,6.38
260,markova,100,UA,1584413042,54,48.68,24.41,32.11,8.66
261,cherskiy,30,RU,1584413043,80,68.75,161.3,26.51,19.1
262,orlik,95,RU,1584413043,54,52.52,99.83,20.23,17.49
263,bilibino,89,RU,1584413043,85,68.05,166.44,17.92,4.88
264,hofn,100,IS,1584413043,84,64.25,-15.21,38.79,37.42
265,la asuncion,43,VE,1584413043,88,11.03,-63.86,77.0,9.17
266,saint-françois,61,FR,1584413044,87,46.42,3.91,46.4,2.24
267,nuuk,0,GL,1584412950,50,64.18,-51.72,5.0,13.87
268,codrington,100,AU,1584413044,50,-38.27,141.97,70.97,12.8
269,palizada,5,MX,1584413044,78,18.25,-92.08,78.8,18.34
270,srednekolymsk,100,RU,1584413044,88,67.45,153.68,2.03,4.9
271,juba,98,SS,1584413044,55,4.85,31.58,81.5,2.82
272,kitgum,21,UG,1584413045,68,3.28,32.89,71.58,2.95
273,beloha,20,MG,1584413045,97,-25.17,45.05,67.48,5.86
274,gigmoto,40,PH,1584413045,78,13.78,124.39,79.12,19.75
275,wamba,100,NG,1584413045,13,8.93,8.6,75.06,4.45
276,knysna,1,ZA,1584413045,93,-34.04,23.05,55.4,4.7
277,havøysund,90,NO,1584413046,86,71.0,24.66,26.6,47.2
278,gazojak,87,TM,1584413046,73,41.19,61.4,53.71,6.82
279,willowmore,100,ZA,1584413046,93,-33.29,23.49,52.21,7.65
280,morehead,90,US,1584412883,93,37.27,-87.18,45.0,1.16
281,sarangani,99,PH,1584413046,74,5.4,125.46,81.59,20.29
282,tondano,40,ID,1584413047,70,1.3,124.91,84.2,8.05
283,kondinskoye,100,RU,1584413047,94,59.65,67.41,23.99,10.96
284,estelle,75,US,1584413047,88,29.85,-90.11,73.4,6.93
285,sobolevo,100,RU,1584413047,76,54.43,31.9,31.75,7.96
286,ust'ye,61,RU,1584413047,93,59.63,39.74,25.43,7.81
287,tuktoyaktuk,90,CA,1584413048,92,69.45,-133.04,15.8,23.04
288,bairiki village,20,KI,1584413048,70,1.33,172.98,87.8,10.29
289,severo-kuril'sk,99,RU,1584413048,80,50.68,156.12,22.1,6.02
290,marsá maţrūḩ,40,EG,1584413048,76,31.35,27.25,55.4,11.41
291,qasigiannguit,28,GL,1584413048,48,68.82,-51.19,-4.0,13.87
292,bundaberg,75,AU,1584413049,47,-24.85,152.35,82.99,14.99
293,ballina,75,AU,1584413049,50,-28.87,153.57,77.0,19.46
294,lima,40,PE,1584413013,78,-12.04,-77.03,75.2,13.87
295,mäntsälä,1,FI,1584413049,92,60.66,25.28,27.0,3.36
296,sayán,100,PE,1584413049,95,-11.14,-77.19,52.0,2.28
297,geraldton,75,AU,1584413050,64,-28.77,114.6,73.4,12.75
298,vila,27,PT,1584413050,70,42.03,-8.16,50.0,9.17
299,abéché,0,TD,1584413050,15,13.83,20.83,72.88,11.63
300,powassan,90,CA,1584413050,54,46.03,-79.35,34.0,11.41
301,bogo,66,PH,1584413050,59,11.05,124.01,83.95,5.17
302,río gallegos,3,AR,1584412870,65,-51.62,-69.22,46.4,11.41
303,boende,100,CD,1584413051,99,-0.22,20.87,70.57,3.31
304,torbay,5,CA,1584412922,72,47.67,-52.73,17.01,2.24
305,shubarshi,37,KZ,1584412813,54,48.59,57.19,29.79,7.27
306,verkhnyaya inta,98,RU,1584413051,80,65.98,60.31,21.52,15.59
307,harper,99,LR,1584413051,93,4.38,-7.72,76.71,3.42
308,ahipara,9,NZ,1584413052,69,-35.17,173.17,66.58,25.86
309,bambous virieux,75,MU,1584413052,94,-20.34,57.76,75.2,9.17
310,sheridan,1,US,1584413052,68,44.83,-106.92,27.0,1.74
311,boddam,28,GB,1584413052,70,57.47,-1.78,44.6,10.29
312,mtwara,100,TZ,1584413052,98,-10.27,40.18,71.82,3.71
313,caicedonia,40,CO,1584413052,94,4.33,-75.83,69.8,2.24
314,gao,0,ML,1584413053,11,16.64,1.64,80.55,12.59
315,kasongo-lunda,100,CD,1584413053,99,-6.47,16.82,68.85,4.63
316,korbous,0,TN,1584413053,77,36.82,10.57,59.0,4.7
317,longyearbyen,40,SJ,1584412959,76,78.22,15.64,-11.2,6.93
318,tocache,100,PE,1584413053,97,-8.18,-76.51,66.16,2.04
319,clyde river,75,CA,1584412858,74,70.47,-68.59,-23.8,6.93
320,saint george,42,US,1584412902,57,37.1,-113.58,60.01,5.82
321,escuinapa,5,MX,1584413054,60,22.85,-105.8,71.6,6.93
322,samarai,99,PG,1584413054,59,-10.62,150.67,86.43,8.9
323,kieta,84,PG,1584413054,69,-6.22,155.63,84.04,5.68
324,ţăndărei,0,RO,1584413054,52,44.65,27.67,33.01,7.61
325,saint-joseph,75,RE,1584413055,88,-21.37,55.62,75.2,4.7
326,whyalla,0,AU,1584413055,20,-33.03,137.58,87.8,18.34
327,simbahan,31,PH,1584413055,75,6.3,120.58,81.46,6.82
328,dagestanskiye ogni,100,RU,1584413055,97,42.12,48.19,27.86,2.82
329,lüderitz,0,NA,1584413056,93,-26.65,15.16,62.6,1.12
330,baykit,100,RU,1584413056,77,61.67,96.37,17.19,12.48
331,henties bay,27,NA,1584413056,94,-22.12,14.28,61.0,3.91
332,nanortalik,0,GL,1584413056,60,60.14,-45.24,18.14,35.14
333,dunedin,51,NZ,1584413056,59,-45.87,170.5,54.0,7.0
334,kumul,1,CN,1584413057,17,42.8,93.45,51.64,3.33
335,barsovo,0,RU,1584413057,78,61.17,73.17,10.4,11.18
336,richards bay,100,ZA,1584413057,65,-28.78,32.04,71.58,12.12
337,arrecife,75,ES,1584412853,55,28.96,-13.55,62.6,19.46
338,munkebo,27,DK,1584413057,91,55.46,10.56,39.7,12.44
339,asău,32,RO,1584413057,68,46.43,26.4,32.0,6.93
340,marzuq,77,YE,1584413058,65,14.4,46.47,67.28,1.39
341,nemuro,20,JP,1584413058,50,43.32,145.57,33.8,11.41
342,kalmunai,100,LK,1584413058,76,7.42,81.82,83.12,13.2
343,labuan,75,MY,1584413058,66,5.28,115.24,87.8,3.36
344,mandalgovi,87,MN,1584413059,23,45.76,106.27,45.68,11.12
345,marabba,17,SD,1584413059,13,12.35,32.18,70.39,8.86
346,ponta do sol,40,PT,1584413059,54,32.67,-17.1,59.0,16.11
347,filimonovo,100,RU,1584413059,87,56.2,95.46,26.08,23.35
348,casablanca,21,MA,1584413059,87,33.59,-7.62,44.6,3.36
349,ngunguru,96,NZ,1584413059,59,-35.62,174.5,70.0,13.0
350,lazurne,5,UA,1584413060,86,46.08,32.53,36.0,3.87
351,balkhash,88,KZ,1584413060,74,46.84,74.98,35.6,13.42
352,acajutla,0,SV,1584413060,88,13.59,-89.83,75.0,3.0
353,nānākuli,90,US,1584413060,100,21.39,-158.15,78.8,11.41
354,nicoya,29,CR,1584413060,54,10.15,-85.45,82.4,19.46
355,beringovskiy,100,RU,1584413060,96,63.05,179.32,31.03,20.87
356,mosal'sk,100,RU,1584413061,66,54.49,34.98,31.64,10.4
357,tabas,6,IR,1584413061,76,33.6,56.92,55.4,2.24
358,nevşehir,90,TR,1584413061,79,38.92,34.67,26.6,28.86
359,arrondissement de moulins,98,FR,1584413061,87,46.5,3.33,48.99,2.24
360,dakar,13,SN,1584413058,88,14.69,-17.44,69.8,18.34
361,champerico,65,GT,1584413062,66,14.3,-91.92,81.72,1.45
362,kaitangata,100,NZ,1584413062,61,-46.28,169.85,50.83,8.37
363,lakes entrance,66,AU,1584413062,47,-37.88,147.98,79.0,1.01
364,bar harbor,1,US,1584412930,63,44.39,-68.2,28.0,5.82
365,ust-kuyga,98,RU,1584413062,90,70.02,135.6,1.2,3.42
366,mīrābād,0,AF,1584413062,44,30.44,61.84,65.17,4.43
367,lāsalgaon,0,IN,1584413063,32,20.15,74.23,78.67,6.46
368,ancud,20,CL,1584412888,100,-41.87,-73.82,55.4,3.36
369,rio rancho,75,US,1584413063,19,35.23,-106.66,62.01,5.82
370,ereymentau,100,KZ,1584413063,88,51.62,73.1,37.33,6.13
371,kayes,5,ML,1584413063,12,14.0,-11.0,76.82,5.41
372,bagdarin,80,RU,1584413063,67,54.43,113.6,28.9,15.32
373,coruripe,83,BR,1584412941,79,-10.13,-36.18,79.54,7.72
374,catherinas lust,81,GY,1584413064,80,6.4,-57.6,80.47,14.65
375,kaeo,98,NZ,1584413064,63,-35.1,173.78,70.0,8.99
376,indri,0,IN,1584413064,72,29.88,77.07,62.92,7.52
377,burnie,82,AU,1584413064,70,-41.07,145.92,66.99,8.99
378,makat,32,KZ,1584413064,48,47.65,53.35,32.04,7.0
379,aranos,59,NA,1584413065,51,-24.13,19.12,71.67,1.3
380,kailua,90,US,1584412992,69,21.4,-157.74,78.8,5.82
381,andros town,40,BS,1584413065,78,24.7,-77.77,73.4,6.93
382,tingi,100,TZ,1584413065,87,-11.3,35.03,66.96,5.97
383,constitución,74,CL,1584413065,93,-35.33,-72.42,53.92,4.68
384,plouzané,7,FR,1584413065,100,48.38,-4.62,39.2,2.24
385,laas,32,IT,1584413066,92,46.62,10.7,35.01,2.24
386,shakiso,16,ET,1584413066,76,5.75,38.92,63.86,4.25
387,ambulu,0,ID,1584413066,72,-8.35,113.61,82.13,2.21
388,meadville,90,US,1584413066,86,41.64,-80.15,43.0,5.82
389,istok,0,XK,1584413066,68,42.78,20.49,34.0,2.19
390,hammerfest,90,NO,1584413067,86,70.66,23.68,26.6,47.2
391,kashgar,0,CN,1584412874,24,39.45,75.98,44.6,11.18
392,broken hill,13,AU,1584412813,26,-31.95,141.43,82.4,9.17
393,manono,100,CD,1584413067,96,-7.3,27.42,70.05,2.01
394,griffith,90,US,1584412831,100,41.53,-87.42,39.2,4.7
395,umluj,0,SA,1584413068,37,25.02,37.27,69.22,2.95
396,zavodouspenskoye,90,RU,1584413068,86,56.86,65.02,28.4,22.37
397,yinchuan,0,CN,1584413068,13,38.47,106.27,52.5,7.02
398,diamantino,19,BR,1584413068,92,-14.41,-56.45,72.77,3.6
399,kahului,75,US,1584412804,61,20.89,-156.47,80.6,8.05
400,bandundu province,100,CD,1584413069,96,-3.32,17.37,72.27,5.21
401,dicabisagan,98,PH,1584413069,81,17.08,122.42,73.06,6.53
402,zyryanka,80,RU,1584413069,85,65.75,150.85,-3.12,6.67
403,petropavlovsk-kamchatskiy,86,RU,1584412893,39,53.05,158.65,28.4,8.95
404,kostivere,0,EE,1584413069,100,59.43,25.1,24.8,1.12
405,lavrentiya,100,RU,1584413070,96,65.58,-171.0,30.94,12.75
406,welwyn garden city,33,GB,1584413070,86,51.8,-0.21,44.01,9.17
407,ziro,93,IN,1584413070,53,27.63,93.83,64.6,2.35
408,mahabalipuram,40,IN,1584412804,83,12.63,80.17,84.0,2.93
409,mahon,100,ES,1584413070,87,39.89,4.27,59.0,11.41
410,port victoria,48,KE,1584413071,76,0.09,33.98,72.61,6.55
411,uddevalla,99,SE,1584413071,88,58.35,11.94,39.99,12.75
412,mahina,40,PF,1584413071,66,-17.51,-149.49,87.8,8.05
413,novouzensk,0,RU,1584413071,84,50.46,48.14,30.27,6.44
414,tianpeng,65,CN,1584413071,67,30.99,103.94,70.0,4.47
415,kirakira,100,SB,1584413072,79,-10.45,161.92,82.85,7.25
416,otaki,78,NZ,1584413072,62,-40.76,175.15,57.99,27.51
417,sisimiut,16,GL,1584413072,71,66.94,-53.67,-11.54,16.06
418,revelstoke,1,CA,1584413072,97,50.98,-118.2,32.0,0.34
419,brae,96,GB,1584413072,81,60.4,-1.35,44.6,24.16
420,cuamba,22,MZ,1584413073,98,-14.8,36.54,64.69,2.46
421,nador,0,MA,1584413073,57,35.17,-2.93,51.8,2.24
422,matai,95,TZ,1584413073,94,-8.3,31.52,60.12,2.15
423,bachaquero,100,VE,1584413073,69,9.97,-71.15,77.29,2.93
424,røros,100,NO,1584413074,93,62.57,11.38,32.0,12.75
425,batagay,95,RU,1584413074,88,67.63,134.63,3.13,3.0
426,gladstone,40,AU,1584413074,42,-23.85,151.25,82.4,11.41
427,saravan,75,AM,1584413074,75,39.72,45.65,44.6,16.11
428,hervey bay,75,AU,1584413074,47,-25.3,152.85,82.99,14.99
429,blagoyevo,100,RU,1584413074,89,63.37,47.92,24.1,10.63
430,tilichiki,100,RU,1584413075,86,60.47,166.1,30.16,13.76
431,doha,1,QA,1584412908,83,25.29,51.53,73.0,4.7
432,sabha,0,LY,1584413075,44,27.04,14.43,61.88,14.72
433,noumea,90,NC,1584413075,61,-22.28,166.46,84.0,12.75
434,ixtapa,20,MX,1584413075,78,20.7,-105.2,77.0,3.36
435,isangel,90,VU,1584413075,74,-19.55,169.27,86.0,11.41
436,ouallam,94,NE,1584413076,11,14.32,2.09,80.24,11.34
437,rozhyshche,100,UA,1584413076,80,50.92,25.27,38.14,10.36
438,baghdad,27,IQ,1584412817,93,33.34,44.4,59.0,5.82
439,nagato,75,JP,1584413076,57,34.38,131.2,57.2,6.93
440,obzor,0,BG,1584413076,86,42.82,27.88,33.01,3.36
441,coffs harbour,75,AU,1584413077,88,-30.3,153.13,73.4,12.75
442,vanimo,100,PG,1584413077,74,-2.67,141.3,81.61,5.28
443,whitehorse,20,CA,1584413077,31,60.72,-135.05,35.6,9.17
444,medininagar,81,IN,1584413077,38,24.03,84.07,73.99,2.24
445,gua musang,15,MY,1584413077,54,4.88,101.96,86.67,2.1
446,balikpapan,20,ID,1584413077,66,-1.27,116.83,87.8,11.41
447,ürümqi,100,CN,1584413078,42,43.8,87.6,46.4,4.47
448,tekeli,100,KZ,1584413078,44,44.83,78.82,37.49,6.02
449,saint-augustin,0,CA,1584412983,86,51.23,-58.65,10.49,8.95
450,tiznit province,0,MA,1584413078,69,29.58,-9.5,49.32,2.28
451,nālūt,51,LY,1584413079,70,30.33,10.85,56.41,24.99
452,scarborough,100,GB,1584413079,81,54.28,-0.4,46.4,9.17
453,mandera,97,KE,1584413079,72,3.94,41.87,78.4,10.58
454,raja,66,SS,1584413079,21,8.46,25.68,69.49,0.45
455,hamilton,90,US,1584412875,75,39.18,-84.53,46.4,4.81
456,palmer,40,US,1584412793,75,42.16,-72.33,34.0,12.75
457,atherton,90,GB,1584413019,81,53.52,-2.49,50.0,11.41
458,são joão da barra,47,BR,1584412828,86,-21.64,-41.05,78.46,15.97
459,tuatapere,1,NZ,1584412787,76,-46.13,167.68,52.0,3.0
460,tessalit,28,ML,1584413081,9,20.2,1.01,74.41,7.52
461,ikot ekpene,100,NG,1584413081,83,5.18,7.71,80.51,2.82
462,dobson,40,US,1584413081,93,36.4,-80.72,50.0,1.57
463,nampula,20,MZ,1584413081,94,-15.12,39.27,71.6,6.93
464,bulnes,91,CL,1584413082,55,-36.74,-72.3,64.4,5.82
465,hirara,20,JP,1584413082,53,24.8,125.28,71.6,6.93
466,berlevåg,100,NO,1584413082,76,70.86,29.09,26.92,36.82
467,berevoeşti,0,RO,1584413082,62,45.23,24.92,30.38,3.15
468,monte patria,0,CL,1584413082,89,-30.69,-70.95,49.96,0.78
469,auburn,1,US,1584413082,45,47.31,-122.23,50.0,3.06
470,yaan,100,NG,1584413083,76,7.38,8.57,80.65,8.14
471,metro,46,ID,1584413083,71,-5.11,105.31,84.87,7.4
472,westport,90,US,1584412895,64,41.14,-73.36,42.01,9.17
473,santa marta,92,CO,1584413083,81,11.24,-74.2,78.01,7.31
474,maceió,75,BR,1584413083,94,-9.67,-35.74,75.2,3.36
475,mariehamn,97,AX,1584413083,68,60.1,19.93,32.0,13.87
476,dandong,0,CN,1584412838,52,40.13,124.39,45.45,6.06
477,soyo,100,AO,1584413085,88,-6.13,12.37,78.91,3.49
478,praia,20,CV,1584413085,68,14.92,-23.51,68.0,14.99
479,mocuba,75,MZ,1584413085,98,-16.84,36.99,70.79,3.94
480,novoye leushino,100,RU,1584413085,78,56.81,40.51,31.55,10.04
481,morris,90,US,1584413063,65,40.83,-74.53,42.01,8.05
482,husavik,90,IS,1584413086,90,66.04,-17.34,33.8,703.07
483,bariloche,20,AR,1584412854,71,-41.15,-71.31,53.6,9.17
484,fairbanks,90,US,1584412799,95,64.84,-147.72,33.8,3.36
485,luba,20,GQ,1584413086,94,3.46,8.55,82.4,6.93
486,ketchikan,1,US,1584412838,60,55.34,-131.65,44.6,13.87
487,kurchum,50,KZ,1584413087,76,48.57,83.65,29.21,1.23
488,lysyanka,100,UA,1584413087,55,49.25,30.83,33.51,10.85
489,hīt,28,IQ,1584413087,54,33.64,42.83,63.72,8.52
490,aktau,96,KZ,1584412890,92,43.65,51.2,30.2,6.71
491,ibb,64,YE,1584413088,77,13.97,44.18,66.97,1.25
492,wynyard,93,AU,1584413088,70,-41.0,145.72,66.99,8.99
493,vila velha,20,BR,1584412820,88,-20.33,-40.29,78.01,4.7
494,paamiut,0,GL,1584413088,48,61.99,-49.67,-0.8,10.8
495,vilcún,5,CL,1584413088,87,-38.65,-72.23,55.4,3.36
496,rio negrinho,100,BR,1584413089,93,-26.25,-49.52,72.0,1.99
497,guerrero negro,100,MX,1584412888,69,27.98,-114.06,60.04,13.91
498,pativilca,99,PE,1584413089,87,-10.7,-77.78,72.99,9.24
499,dudinka,100,RU,1584413089,76,69.41,86.18,-7.6,13.42
500,andenes,100,NO,1584413089,77,69.31,16.12,32.0,14.99
501,sept-îles,20,CA,1584412977,70,50.2,-66.38,6.01,4.7
502,kimbe,100,PG,1584413090,60,-5.55,150.14,87.85,6.76
503,banda aceh,24,ID,1584413090,66,5.56,95.32,85.1,5.88
504,moranbah,0,AU,1584413090,36,-22.0,148.05,82.9,17.85
505,mayo,1,US,1584413090,75,38.89,-76.51,46.99,3.36
506,lompoc,20,US,1584413090,76,34.64,-120.46,51.8,3.0
507,lozovik,3,RS,1584413091,63,44.47,21.1,35.47,7.38
508,lázaro cárdenas,0,MX,1584413091,85,17.96,-102.2,75.04,2.33
509,humen,75,CN,1584413091,73,22.82,113.67,73.99,6.71
510,wanning,100,CN,1584413091,75,18.8,110.4,75.2,8.14
511,borogontsy,91,RU,1584413091,93,62.67,131.17,12.36,4.81
512,goundam,0,ML,1584413092,10,16.41,-3.67,76.55,9.91
513,udachny,100,RU,1584413092,83,66.42,112.4,-7.6,8.95
514,san patricio,5,MX,1584413092,83,19.22,-104.7,78.8,5.82
515,onokhoy,75,RU,1584413092,69,51.93,108.07,35.6,4.47
516,mogilno,43,PL,1584413092,92,52.66,17.96,37.0,1.12
517,ende,0,ID,1584413093,66,-8.84,121.66,84.0,5.93
518,najrān,69,SA,1584413093,28,17.49,44.13,69.8,2.24
519,dawei,8,MM,1584413093,74,14.08,98.2,81.32,6.58
520,jesús,0,PY,1584413093,65,-27.05,-55.78,82.4,5.82
521,mount isa,0,AU,1584413094,26,-20.73,139.5,91.4,11.41
522,nizhnyaya tavda,100,RU,1584413094,96,57.67,66.17,30.06,10.31
523,waipawa,100,NZ,1584413094,62,-41.41,175.52,57.2,27.51
524,nome,90,US,1584413094,86,64.5,-165.41,30.2,12.75
525,lae,75,PG,1584412977,70,-6.72,146.98,84.2,4.7
526,yulara,0,AU,1584413094,9,-25.24,130.99,93.2,10.29
527,nakusp,97,CA,1584413095,83,50.25,-117.8,24.01,1.99
528,bacolod city,3,PH,1584413095,37,10.67,122.95,88.68,2.01
529,mazagão,75,BR,1584413095,100,-0.12,-51.29,77.0,5.82
530,marshfield,90,US,1584413095,93,44.67,-90.17,35.6,6.93
531,svetlaya,0,RU,1584413095,65,46.54,138.33,31.1,18.07
532,porto-novo,20,BJ,1584413096,88,6.5,2.6,82.4,12.75
533,malanje,100,AO,1584413096,98,-9.54,16.34,62.51,3.33
534,egvekinot,100,RU,1584413098,96,66.32,-179.17,21.85,6.26
535,puerto del rosario,90,ES,1584413098,67,28.5,-13.86,62.6,23.04
536,ouahigouya,0,BF,1584413098,23,13.58,-2.42,82.09,5.84
537,salekhard,100,RU,1584413099,93,66.53,66.6,20.48,15.03
538,broome,90,US,1584412822,59,42.25,-75.83,41.0,13.87
539,jackson,40,US,1584412832,54,42.42,-122.83,53.6,8.05
540,morganton,90,US,1584413100,81,35.75,-81.68,51.01,1.5
541,ponazyrevo,89,RU,1584413100,90,58.36,46.31,29.14,9.35
542,cockburn town,8,TC,1584413100,74,21.46,-71.14,75.34,19.13
543,tapiramutá,95,BR,1584413100,91,-11.85,-40.79,66.76,1.19
544,sain alto,5,MX,1584413100,50,23.58,-103.25,61.7,4.74
545,ostrovnoy,10,RU,1584413101,85,68.05,39.51,14.14,17.56
546,taltal,0,CL,1584413101,92,-25.4,-70.48,56.86,0.56
547,mana,23,GF,1584413101,87,5.66,-53.78,75.6,2.48
548,galle,97,LK,1584413101,81,6.04,80.22,80.74,5.03
549,tara,100,RU,1584413101,84,56.89,74.37,25.43,8.52
550,pangai,40,TO,1584413102,74,-19.8,-174.35,87.8,12.75
551,tevriz,100,RU,1584413102,83,57.51,72.4,26.71,9.06
552,calabozo,100,VE,1584413102,49,8.92,-67.43,78.53,7.38
553,māngrol,65,IN,1584413102,40,21.12,70.12,76.71,8.57
554,la santisima trinidad,100,BO,1584413103,93,-14.83,-64.9,76.21,1.97
555,bereket,100,TM,1584413103,80,39.24,55.52,48.85,10.96
556,altay,40,CN,1584413104,55,47.87,88.12,33.33,4.47
557,carroll,90,US,1584413104,75,39.55,-77.02,46.99,11.41
558,neryungri,0,RU,1584413104,73,56.67,124.65,24.96,3.89
559,krasnosel'kup,100,RU,1584413104,84,65.7,82.47,3.27,23.11
560,manali,40,IN,1584413105,83,13.17,80.27,84.0,6.08
561,karwar,0,IN,1584413105,59,14.8,74.13,81.77,5.66
562,los llanos de aridane,20,ES,1584413105,67,28.66,-17.92,62.6,17.22
563,anadyr,75,RU,1584413105,92,64.75,177.48,30.2,38.03
564,atoyac,20,MX,1584413105,31,20.02,-103.53,75.2,9.17
565,kodinsk,100,RU,1584413105,87,58.69,99.18,20.46,19.04
566,são joaquim,87,BR,1584413106,97,-28.29,-49.93,60.26,2.89
567,barranca,98,PE,1584412869,91,-10.75,-77.77,73.69,12.12
568,novikovo,98,RU,1584413106,59,51.15,37.89,29.44,7.96
569,hongjiang,100,CN,1584413106,95,27.11,110.0,49.96,3.11
570,linxia chengguanzhen,0,CN,1584413106,32,35.6,103.21,41.38,4.65
571,dārāb,0,IR,1584413107,74,28.75,54.54,56.61,1.68
572,launceston,75,AU,1584413107,56,-41.45,147.17,72.0,16.11
573,abū zabad,23,SD,1584413107,16,12.35,29.25,68.99,11.3
574,yarmouth,20,US,1584413107,64,41.71,-70.23,35.01,5.82
575,alcalá de henares,75,ES,1584413108,93,40.48,-3.36,43.0,4.7
576,portland,20,US,1584412924,35,45.52,-122.68,57.2,14.99
